<?xml version="1.0"?>
<cena version="0.8.2"><result judgetime="44631.8804698264"><problem title="&#x6700;&#x5C0F;&#x5DEE;&#x8DDD;&#x95EE;&#x9898;" filename="mindistance.cpp" status="1" hash="1448534103" detail=""><testcase status="7" exitcode="0" detail="" time="0.01" memory="256" score="10"/><testcase status="7" exitcode="0" detail="" time="0" memory="252" score="10"/><testcase status="7" exitcode="0" detail="" time="0" memory="256" score="10"/><testcase status="7" exitcode="0" detail="" time="0" memory="256" score="10"/><testcase status="7" exitcode="0" detail="" time="0" memory="256" score="10"/><testcase status="7" exitcode="0" detail="" time="0" memory="256" score="10"/><testcase status="7" exitcode="0" detail="" time="0" memory="256" score="10"/><testcase status="7" exitcode="0" detail="" time="0" memory="256" score="10"/><testcase status="7" exitcode="0" detail="" time="0" memory="256" score="10"/><testcase status="7" exitcode="0" detail="" time="0" memory="256" score="10"/></problem></result></cena>
