{"events":{"typescript-language-features/tsserver.spawned":{"owner":{"endPoint":"none"},"localtypescriptversion":{"classification":"SystemMetaData","purpose":"FeatureInsight","endPoint":"none"},"typescriptversionsource":{"classification":"SystemMetaData","purpose":"FeatureInsight","endPoint":"none"},"version":{"classification":"SystemMetaData","purpose":"FeatureInsight","endPoint":"none"}},"typescript-language-features/tsserver.error":{"owner":{"endPoint":"none"},"version":{"classification":"SystemMetaData","purpose":"FeatureInsight","endPoint":"none"}},"typescript-language-features/tsserver.exitWithCode":{"owner":{"endPoint":"none"},"code":{"classification":"SystemMetaData","purpose":"PerformanceAndHealth","endPoint":"none"},"signal":{"classification":"SystemMetaData","purpose":"PerformanceAndHealth","endPoint":"none"},"version":{"classification":"SystemMetaData","purpose":"FeatureInsight","endPoint":"none"}},"typescript-language-features/serviceExited":{"owner":{"endPoint":"none"},"version":{"classification":"SystemMetaData","purpose":"FeatureInsight","endPoint":"none"}},"typescript-language-features/fatalError":{"owner":{"endPoint":"none"},"command":{"classification":"SystemMetaData","purpose":"FeatureInsight","endPoint":"none"},"version":{"classification":"SystemMetaData","purpose":"FeatureInsight","endPoint":"none"},"serverid":{"classification":"SystemMetaData","purpose":"PerformanceAndHealth","endPoint":"none"},"sanitizedstack":{"classification":"SystemMetaData","purpose":"PerformanceAndHealth","endPoint":"none"},"badclient":{"classification":"SystemMetaData","purpose":"PerformanceAndHealth","endPoint":"none"}},"typescript-language-features/typingsInstalled":{"owner":{"endPoint":"none"},"installedpackages":{"classification":"PublicNonPersonalData","purpose":"FeatureInsight","endPoint":"none"},"installsuccess":{"classification":"SystemMetaData","purpose":"PerformanceAndHealth","endPoint":"none"},"typingsinstallerversion":{"classification":"SystemMetaData","purpose":"PerformanceAndHealth","endPoint":"none"},"version":{"classification":"SystemMetaData","purpose":"FeatureInsight","endPoint":"none"}},"typescript-language-features/js.hintProjectExcludes":{"owner":{"endPoint":"none"},"version":{"classification":"SystemMetaData","purpose":"FeatureInsight","endPoint":"none"}},"typescript-language-features/quickFix.execute":{"owner":{"endPoint":"none"},"fixname":{"classification":"PublicNonPersonalData","purpose":"FeatureInsight","endPoint":"none"},"version":{"classification":"SystemMetaData","purpose":"FeatureInsight","endPoint":"none"}},"typescript-language-features/quickFixAll.execute":{"owner":{"endPoint":"none"},"fixname":{"classification":"PublicNonPersonalData","purpose":"FeatureInsight","endPoint":"none"},"version":{"classification":"SystemMetaData","purpose":"FeatureInsight","endPoint":"none"}},"typescript-language-features/refactor.execute":{"owner":{"endPoint":"none"},"action":{"classification":"PublicNonPersonalData","purpose":"FeatureInsight","endPoint":"none"},"version":{"classification":"SystemMetaData","purpose":"FeatureInsight","endPoint":"none"}},"typescript-language-features/organizeImports.execute":{"owner":{"endPoint":"none"},"version":{"classification":"SystemMetaData","purpose":"FeatureInsight","endPoint":"none"}},"typescript-language-features/completions.accept":{"owner":{"endPoint":"none"},"ispackagejsonimport":{"classification":"SystemMetaData","purpose":"FeatureInsight","endPoint":"none"},"isimportstatementcompletion":{"classification":"SystemMetaData","purpose":"FeatureInsight","endPoint":"none"},"version":{"classification":"SystemMetaData","purpose":"FeatureInsight","endPoint":"none"}},"typescript-language-features/completions.execute":{"owner":{"endPoint":"none"},"duration":{"classification":"SystemMetaData","purpose":"FeatureInsight","endPoint":"none"},"type":{"classification":"SystemMetaData","purpose":"FeatureInsight","endPoint":"none"},"count":{"classification":"SystemMetaData","purpose":"FeatureInsight","endPoint":"none"},"flags":{"classification":"SystemMetaData","purpose":"FeatureInsight","endPoint":"none"},"updategraphdurationms":{"classification":"SystemMetaData","purpose":"FeatureInsight","endPoint":"none"},"createautoimportproviderprogramdurationms":{"classification":"SystemMetaData","purpose":"FeatureInsight","endPoint":"none"},"includespackagejsonimport":{"classification":"SystemMetaData","purpose":"FeatureInsight","endPoint":"none"},"includesimportstatementcompletion":{"classification":"SystemMetaData","purpose":"FeatureInsight","endPoint":"none"},"version":{"classification":"SystemMetaData","purpose":"FeatureInsight","endPoint":"none"}},"typescript-language-features/languageServiceErrorResponse":{"owner":{"endPoint":"none"},"version":{"classification":"SystemMetaData","purpose":"FeatureInsight","endPoint":"none"},"command":{"classification":"SystemMetaData","purpose":"FeatureInsight","endPoint":"none"},"serverid":{"classification":"SystemMetaData","purpose":"PerformanceAndHealth","endPoint":"none"},"sanitizedstack":{"classification":"SystemMetaData","purpose":"PerformanceAndHealth","endPoint":"none"},"badclient":{"classification":"SystemMetaData","purpose":"PerformanceAndHealth","endPoint":"none"}},"git/clone":{"owner":{"endPoint":"none"},"outcome":{"classification":"SystemMetaData","purpose":"FeatureInsight","comment":"The outcome of the git operation","endPoint":"none"},"openfolder":{"classification":"SystemMetaData","purpose":"PerformanceAndHealth","comment":"Indicates whether the folder is opened following the clone operation","endPoint":"none","isMeasurement":true}},"git/git.command":{"owner":{"endPoint":"none"},"command":{"classification":"SystemMetaData","purpose":"FeatureInsight","comment":"The command id of the command being executed","endPoint":"none"}},"git/git.missing":{"owner":{"endPoint":"none"}},"git/statusLimit":{"owner":{"endPoint":"none"},"ignoresubmodules":{"classification":"SystemMetaData","purpose":"FeatureInsight","comment":"Setting indicating whether submodules are ignored","endPoint":"none"},"limit":{"classification":"SystemMetaData","purpose":"FeatureInsight","comment":"Setting indicating the limit of status entries","endPoint":"none","isMeasurement":true},"statuslength":{"classification":"SystemMetaData","purpose":"FeatureInsight","comment":"Total number of status entries","endPoint":"none","isMeasurement":true}},"json-language-features/json.schema":{"owner":{"endPoint":"none"},"comment":{"endPoint":"none"},"schemaurl":{"classification":"SystemMetaData","purpose":"FeatureInsight","comment":"The azure schema URL that was requested.","endPoint":"none"}},"ms-vscode.node2/error":{"successful":{"classification":"SystemMetaData","purpose":"PerformanceAndHealth","endPoint":"none"},"exceptiontype":{"classification":"SystemMetaData","purpose":"PerformanceAndHealth","endPoint":"none"},"!exceptionmessage":{"classification":"CallstackOrException","purpose":"PerformanceAndHealth","endPoint":"none"},"exceptionname":{"classification":"CallstackOrException","purpose":"PerformanceAndHealth","endPoint":"none"},"!exceptionstack":{"classification":"CallstackOrException","purpose":"PerformanceAndHealth","endPoint":"none"},"!exceptionid":{"classification":"CallstackOrException","purpose":"PerformanceAndHealth","endPoint":"none"},"starttime":{"classification":"SystemMetaData","purpose":"PerformanceAndHealth","endPoint":"none"},"timetakeninmilliseconds":{"classification":"SystemMetaData","purpose":"PerformanceAndHealth","endPoint":"none"},"versions.debugadaptercore":{"classification":"SystemMetaData","purpose":"FeatureInsight","endPoint":"none"},"versions.target.version":{"classification":"SystemMetaData","purpose":"FeatureInsight","endPoint":"none"},"versions.debugadapter":{"classification":"SystemMetaData","purpose":"FeatureInsight","endPoint":"none"}},"ms-vscode.node2/report-start-up-timings":{"requestedcontentwasnotdetectedreason":{"classification":"SystemMetaData","purpose":"FeatureInsight","endPoint":"none"},"steps":{"classification":"SystemMetaData","purpose":"FeatureInsight","endPoint":"none"},"all":{"classification":"SystemMetaData","purpose":"FeatureInsight","endPoint":"none"},"${wildcard}":[{"${prefix}":"request.","${classification}":{"classification":"SystemMetaData","purpose":"FeatureInsight","endPoint":"none"}},{"${prefix}":"waitingafter","${classification}":{"classification":"SystemMetaData","purpose":"FeatureInsight","endPoint":"none"}}],"beforefirststep":{"classification":"SystemMetaData","purpose":"FeatureInsight","endPoint":"none"},"afterlaststep":{"classification":"SystemMetaData","purpose":"FeatureInsight","endPoint":"none"},"attach.attachtotargetdebuggerwebsocket":{"classification":"SystemMetaData","purpose":"FeatureInsight","endPoint":"none"},"attach":{"classification":"SystemMetaData","purpose":"FeatureInsight","endPoint":"none"},"attach.configuredebuggingsession.internal":{"classification":"SystemMetaData","purpose":"FeatureInsight","endPoint":"none"},"attach.configuredebuggingsession.target":{"classification":"SystemMetaData","purpose":"FeatureInsight","endPoint":"none"},"attach.configuredebuggingsession.end":{"classification":"SystemMetaData","purpose":"FeatureInsight","endPoint":"none"},"attach.requestdebuggertargetsinformation":{"classification":"SystemMetaData","purpose":"FeatureInsight","endPoint":"none"},"attach.processdebuggertargetsinformation":{"classification":"SystemMetaData","purpose":"FeatureInsight","endPoint":"none"},"versions.debugadaptercore":{"classification":"SystemMetaData","purpose":"FeatureInsight","endPoint":"none"},"versions.target.version":{"classification":"SystemMetaData","purpose":"FeatureInsight","endPoint":"none"},"versions.debugadapter":{"classification":"SystemMetaData","purpose":"FeatureInsight","endPoint":"none"}},"ms-vscode.node2/ClientRequest/initialize":{"successful":{"classification":"SystemMetaData","purpose":"PerformanceAndHealth","endPoint":"none"},"exceptiontype":{"classification":"SystemMetaData","purpose":"PerformanceAndHealth","endPoint":"none"},"!exceptionmessage":{"classification":"CallstackOrException","purpose":"PerformanceAndHealth","endPoint":"none"},"exceptionname":{"classification":"CallstackOrException","purpose":"PerformanceAndHealth","endPoint":"none"},"!exceptionstack":{"classification":"CallstackOrException","purpose":"PerformanceAndHealth","endPoint":"none"},"!exceptionid":{"classification":"CallstackOrException","purpose":"PerformanceAndHealth","endPoint":"none"},"starttime":{"classification":"SystemMetaData","purpose":"PerformanceAndHealth","endPoint":"none"},"timetakeninmilliseconds":{"classification":"SystemMetaData","purpose":"PerformanceAndHealth","endPoint":"none"},"versions.debugadaptercore":{"classification":"SystemMetaData","purpose":"FeatureInsight","endPoint":"none"},"versions.target.version":{"classification":"SystemMetaData","purpose":"FeatureInsight","endPoint":"none"},"versions.debugadapter":{"classification":"SystemMetaData","purpose":"FeatureInsight","endPoint":"none"}},"ms-vscode.node2/ClientRequest/configurationDone":{"successful":{"classification":"SystemMetaData","purpose":"PerformanceAndHealth","endPoint":"none"},"exceptiontype":{"classification":"SystemMetaData","purpose":"PerformanceAndHealth","endPoint":"none"},"!exceptionmessage":{"classification":"CallstackOrException","purpose":"PerformanceAndHealth","endPoint":"none"},"exceptionname":{"classification":"CallstackOrException","purpose":"PerformanceAndHealth","endPoint":"none"},"!exceptionstack":{"classification":"CallstackOrException","purpose":"PerformanceAndHealth","endPoint":"none"},"!exceptionid":{"classification":"CallstackOrException","purpose":"PerformanceAndHealth","endPoint":"none"},"starttime":{"classification":"SystemMetaData","purpose":"PerformanceAndHealth","endPoint":"none"},"timetakeninmilliseconds":{"classification":"SystemMetaData","purpose":"PerformanceAndHealth","endPoint":"none"},"versions.debugadaptercore":{"classification":"SystemMetaData","purpose":"FeatureInsight","endPoint":"none"},"versions.target.version":{"classification":"SystemMetaData","purpose":"FeatureInsight","endPoint":"none"},"versions.debugadapter":{"classification":"SystemMetaData","purpose":"FeatureInsight","endPoint":"none"}},"ms-vscode.node2/ClientRequest/launch":{"successful":{"classification":"SystemMetaData","purpose":"PerformanceAndHealth","endPoint":"none"},"exceptiontype":{"classification":"SystemMetaData","purpose":"PerformanceAndHealth","endPoint":"none"},"!exceptionmessage":{"classification":"CallstackOrException","purpose":"PerformanceAndHealth","endPoint":"none"},"exceptionname":{"classification":"CallstackOrException","purpose":"PerformanceAndHealth","endPoint":"none"},"!exceptionstack":{"classification":"CallstackOrException","purpose":"PerformanceAndHealth","endPoint":"none"},"!exceptionid":{"classification":"CallstackOrException","purpose":"PerformanceAndHealth","endPoint":"none"},"starttime":{"classification":"SystemMetaData","purpose":"PerformanceAndHealth","endPoint":"none"},"timetakeninmilliseconds":{"classification":"SystemMetaData","purpose":"PerformanceAndHealth","endPoint":"none"},"versions.debugadaptercore":{"classification":"SystemMetaData","purpose":"FeatureInsight","endPoint":"none"},"versions.target.version":{"classification":"SystemMetaData","purpose":"FeatureInsight","endPoint":"none"},"versions.debugadapter":{"classification":"SystemMetaData","purpose":"FeatureInsight","endPoint":"none"}},"ms-vscode.node2/debugStarted":{"request":{"classification":"SystemMetaData","purpose":"FeatureInsight","endPoint":"none"},"args":{"classification":"SystemMetaData","purpose":"FeatureInsight","endPoint":"none"},"versions.debugadaptercore":{"classification":"SystemMetaData","purpose":"FeatureInsight","endPoint":"none"},"versions.target.version":{"classification":"SystemMetaData","purpose":"FeatureInsight","endPoint":"none"},"versions.debugadapter":{"classification":"SystemMetaData","purpose":"FeatureInsight","endPoint":"none"}},"ms-vscode.node2/ClientRequest/attach":{"successful":{"classification":"SystemMetaData","purpose":"PerformanceAndHealth","endPoint":"none"},"exceptiontype":{"classification":"SystemMetaData","purpose":"PerformanceAndHealth","endPoint":"none"},"!exceptionmessage":{"classification":"CallstackOrException","purpose":"PerformanceAndHealth","endPoint":"none"},"exceptionname":{"classification":"CallstackOrException","purpose":"PerformanceAndHealth","endPoint":"none"},"!exceptionstack":{"classification":"CallstackOrException","purpose":"PerformanceAndHealth","endPoint":"none"},"!exceptionid":{"classification":"CallstackOrException","purpose":"PerformanceAndHealth","endPoint":"none"},"starttime":{"classification":"SystemMetaData","purpose":"PerformanceAndHealth","endPoint":"none"},"timetakeninmilliseconds":{"classification":"SystemMetaData","purpose":"PerformanceAndHealth","endPoint":"none"},"versions.debugadaptercore":{"classification":"SystemMetaData","purpose":"FeatureInsight","endPoint":"none"},"versions.target.version":{"classification":"SystemMetaData","purpose":"FeatureInsight","endPoint":"none"},"versions.debugadapter":{"classification":"SystemMetaData","purpose":"FeatureInsight","endPoint":"none"}},"ms-vscode.node2/debugStopped":{"reason":{"classification":"SystemMetaData","purpose":"FeatureInsight","endPoint":"none"},"versions.debugadaptercore":{"classification":"SystemMetaData","purpose":"FeatureInsight","endPoint":"none"},"versions.target.version":{"classification":"SystemMetaData","purpose":"FeatureInsight","endPoint":"none"},"versions.debugadapter":{"classification":"SystemMetaData","purpose":"FeatureInsight","endPoint":"none"}},"ms-vscode.node2/target/notification/onPaused":{"successful":{"classification":"SystemMetaData","purpose":"PerformanceAndHealth","endPoint":"none"},"exceptiontype":{"classification":"SystemMetaData","purpose":"PerformanceAndHealth","endPoint":"none"},"!exceptionmessage":{"classification":"CallstackOrException","purpose":"PerformanceAndHealth","endPoint":"none"},"exceptionname":{"classification":"CallstackOrException","purpose":"PerformanceAndHealth","endPoint":"none"},"!exceptionstack":{"classification":"CallstackOrException","purpose":"PerformanceAndHealth","endPoint":"none"},"!exceptionid":{"classification":"CallstackOrException","purpose":"PerformanceAndHealth","endPoint":"none"},"starttime":{"classification":"SystemMetaData","purpose":"PerformanceAndHealth","endPoint":"none"},"timetakeninmilliseconds":{"classification":"SystemMetaData","purpose":"PerformanceAndHealth","endPoint":"none"},"versions.debugadaptercore":{"classification":"SystemMetaData","purpose":"FeatureInsight","endPoint":"none"},"versions.target.version":{"classification":"SystemMetaData","purpose":"FeatureInsight","endPoint":"none"},"versions.debugadapter":{"classification":"SystemMetaData","purpose":"FeatureInsight","endPoint":"none"}},"ms-vscode.node2/target/notification/onScriptParsed":{"successful":{"classification":"SystemMetaData","purpose":"PerformanceAndHealth","endPoint":"none"},"exceptiontype":{"classification":"SystemMetaData","purpose":"PerformanceAndHealth","endPoint":"none"},"!exceptionmessage":{"classification":"CallstackOrException","purpose":"PerformanceAndHealth","endPoint":"none"},"exceptionname":{"classification":"CallstackOrException","purpose":"PerformanceAndHealth","endPoint":"none"},"!exceptionstack":{"classification":"CallstackOrException","purpose":"PerformanceAndHealth","endPoint":"none"},"!exceptionid":{"classification":"CallstackOrException","purpose":"PerformanceAndHealth","endPoint":"none"},"starttime":{"classification":"SystemMetaData","purpose":"PerformanceAndHealth","endPoint":"none"},"timetakeninmilliseconds":{"classification":"SystemMetaData","purpose":"PerformanceAndHealth","endPoint":"none"},"versions.debugadaptercore":{"classification":"SystemMetaData","purpose":"FeatureInsight","endPoint":"none"},"versions.target.version":{"classification":"SystemMetaData","purpose":"FeatureInsight","endPoint":"none"},"versions.debugadapter":{"classification":"SystemMetaData","purpose":"FeatureInsight","endPoint":"none"}},"ms-vscode.node2/ClientRequest/exceptionInfo":{"successful":{"classification":"SystemMetaData","purpose":"PerformanceAndHealth","endPoint":"none"},"exceptiontype":{"classification":"SystemMetaData","purpose":"PerformanceAndHealth","endPoint":"none"},"!exceptionmessage":{"classification":"CallstackOrException","purpose":"PerformanceAndHealth","endPoint":"none"},"exceptionname":{"classification":"CallstackOrException","purpose":"PerformanceAndHealth","endPoint":"none"},"!exceptionstack":{"classification":"CallstackOrException","purpose":"PerformanceAndHealth","endPoint":"none"},"!exceptionid":{"classification":"CallstackOrException","purpose":"PerformanceAndHealth","endPoint":"none"},"starttime":{"classification":"SystemMetaData","purpose":"PerformanceAndHealth","endPoint":"none"},"timetakeninmilliseconds":{"classification":"SystemMetaData","purpose":"PerformanceAndHealth","endPoint":"none"},"versions.debugadaptercore":{"classification":"SystemMetaData","purpose":"FeatureInsight","endPoint":"none"},"versions.target.version":{"classification":"SystemMetaData","purpose":"FeatureInsight","endPoint":"none"},"versions.debugadapter":{"classification":"SystemMetaData","purpose":"FeatureInsight","endPoint":"none"}},"ms-vscode.node2/ClientRequest/toggleSmartStep":{"successful":{"classification":"SystemMetaData","purpose":"PerformanceAndHealth","endPoint":"none"},"exceptiontype":{"classification":"SystemMetaData","purpose":"PerformanceAndHealth","endPoint":"none"},"!exceptionmessage":{"classification":"CallstackOrException","purpose":"PerformanceAndHealth","endPoint":"none"},"exceptionname":{"classification":"CallstackOrException","purpose":"PerformanceAndHealth","endPoint":"none"},"!exceptionstack":{"classification":"CallstackOrException","purpose":"PerformanceAndHealth","endPoint":"none"},"!exceptionid":{"classification":"CallstackOrException","purpose":"PerformanceAndHealth","endPoint":"none"},"starttime":{"classification":"SystemMetaData","purpose":"PerformanceAndHealth","endPoint":"none"},"timetakeninmilliseconds":{"classification":"SystemMetaData","purpose":"PerformanceAndHealth","endPoint":"none"},"versions.debugadaptercore":{"classification":"SystemMetaData","purpose":"FeatureInsight","endPoint":"none"},"versions.target.version":{"classification":"SystemMetaData","purpose":"FeatureInsight","endPoint":"none"},"versions.debugadapter":{"classification":"SystemMetaData","purpose":"FeatureInsight","endPoint":"none"}},"ms-vscode.node2/ClientRequest/toggleSkipFileStatus":{"successful":{"classification":"SystemMetaData","purpose":"PerformanceAndHealth","endPoint":"none"},"exceptiontype":{"classification":"SystemMetaData","purpose":"PerformanceAndHealth","endPoint":"none"},"!exceptionmessage":{"classification":"CallstackOrException","purpose":"PerformanceAndHealth","endPoint":"none"},"exceptionname":{"classification":"CallstackOrException","purpose":"PerformanceAndHealth","endPoint":"none"},"!exceptionstack":{"classification":"CallstackOrException","purpose":"PerformanceAndHealth","endPoint":"none"},"!exceptionid":{"classification":"CallstackOrException","purpose":"PerformanceAndHealth","endPoint":"none"},"starttime":{"classification":"SystemMetaData","purpose":"PerformanceAndHealth","endPoint":"none"},"timetakeninmilliseconds":{"classification":"SystemMetaData","purpose":"PerformanceAndHealth","endPoint":"none"},"versions.debugadaptercore":{"classification":"SystemMetaData","purpose":"FeatureInsight","endPoint":"none"},"versions.target.version":{"classification":"SystemMetaData","purpose":"FeatureInsight","endPoint":"none"},"versions.debugadapter":{"classification":"SystemMetaData","purpose":"FeatureInsight","endPoint":"none"}},"ms-vscode.node2/ClientRequest/loadedSources":{"successful":{"classification":"SystemMetaData","purpose":"PerformanceAndHealth","endPoint":"none"},"exceptiontype":{"classification":"SystemMetaData","purpose":"PerformanceAndHealth","endPoint":"none"},"!exceptionmessage":{"classification":"CallstackOrException","purpose":"PerformanceAndHealth","endPoint":"none"},"exceptionname":{"classification":"CallstackOrException","purpose":"PerformanceAndHealth","endPoint":"none"},"!exceptionstack":{"classification":"CallstackOrException","purpose":"PerformanceAndHealth","endPoint":"none"},"!exceptionid":{"classification":"CallstackOrException","purpose":"PerformanceAndHealth","endPoint":"none"},"starttime":{"classification":"SystemMetaData","purpose":"PerformanceAndHealth","endPoint":"none"},"timetakeninmilliseconds":{"classification":"SystemMetaData","purpose":"PerformanceAndHealth","endPoint":"none"},"versions.debugadaptercore":{"classification":"SystemMetaData","purpose":"FeatureInsight","endPoint":"none"},"versions.target.version":{"classification":"SystemMetaData","purpose":"FeatureInsight","endPoint":"none"},"versions.debugadapter":{"classification":"SystemMetaData","purpose":"FeatureInsight","endPoint":"none"}},"ms-vscode.node2/ClientRequest/disconnect":{"successful":{"classification":"SystemMetaData","purpose":"PerformanceAndHealth","endPoint":"none"},"exceptiontype":{"classification":"SystemMetaData","purpose":"PerformanceAndHealth","endPoint":"none"},"!exceptionmessage":{"classification":"CallstackOrException","purpose":"PerformanceAndHealth","endPoint":"none"},"exceptionname":{"classification":"CallstackOrException","purpose":"PerformanceAndHealth","endPoint":"none"},"!exceptionstack":{"classification":"CallstackOrException","purpose":"PerformanceAndHealth","endPoint":"none"},"!exceptionid":{"classification":"CallstackOrException","purpose":"PerformanceAndHealth","endPoint":"none"},"starttime":{"classification":"SystemMetaData","purpose":"PerformanceAndHealth","endPoint":"none"},"timetakeninmilliseconds":{"classification":"SystemMetaData","purpose":"PerformanceAndHealth","endPoint":"none"},"versions.debugadaptercore":{"classification":"SystemMetaData","purpose":"FeatureInsight","endPoint":"none"},"versions.target.version":{"classification":"SystemMetaData","purpose":"FeatureInsight","endPoint":"none"},"versions.debugadapter":{"classification":"SystemMetaData","purpose":"FeatureInsight","endPoint":"none"}},"ms-vscode.node2/ClientRequest/setBreakpoints":{"successful":{"classification":"SystemMetaData","purpose":"PerformanceAndHealth","endPoint":"none"},"exceptiontype":{"classification":"SystemMetaData","purpose":"PerformanceAndHealth","endPoint":"none"},"!exceptionmessage":{"classification":"CallstackOrException","purpose":"PerformanceAndHealth","endPoint":"none"},"exceptionname":{"classification":"CallstackOrException","purpose":"PerformanceAndHealth","endPoint":"none"},"!exceptionstack":{"classification":"CallstackOrException","purpose":"PerformanceAndHealth","endPoint":"none"},"!exceptionid":{"classification":"CallstackOrException","purpose":"PerformanceAndHealth","endPoint":"none"},"starttime":{"classification":"SystemMetaData","purpose":"PerformanceAndHealth","endPoint":"none"},"timetakeninmilliseconds":{"classification":"SystemMetaData","purpose":"PerformanceAndHealth","endPoint":"none"},"versions.debugadaptercore":{"classification":"SystemMetaData","purpose":"FeatureInsight","endPoint":"none"},"versions.target.version":{"classification":"SystemMetaData","purpose":"FeatureInsight","endPoint":"none"},"versions.debugadapter":{"classification":"SystemMetaData","purpose":"FeatureInsight","endPoint":"none"}},"ms-vscode.node2/setBreakpointsRequest":{"fileext":{"classification":"CustomerContent","purpose":"FeatureInsight","endPoint":"none"},"versions.debugadaptercore":{"classification":"SystemMetaData","purpose":"FeatureInsight","endPoint":"none"},"versions.target.version":{"classification":"SystemMetaData","purpose":"FeatureInsight","endPoint":"none"},"versions.debugadapter":{"classification":"SystemMetaData","purpose":"FeatureInsight","endPoint":"none"}},"ms-vscode.node2/ClientRequest/setExceptionBreakpoints":{"successful":{"classification":"SystemMetaData","purpose":"PerformanceAndHealth","endPoint":"none"},"exceptiontype":{"classification":"SystemMetaData","purpose":"PerformanceAndHealth","endPoint":"none"},"!exceptionmessage":{"classification":"CallstackOrException","purpose":"PerformanceAndHealth","endPoint":"none"},"exceptionname":{"classification":"CallstackOrException","purpose":"PerformanceAndHealth","endPoint":"none"},"!exceptionstack":{"classification":"CallstackOrException","purpose":"PerformanceAndHealth","endPoint":"none"},"!exceptionid":{"classification":"CallstackOrException","purpose":"PerformanceAndHealth","endPoint":"none"},"starttime":{"classification":"SystemMetaData","purpose":"PerformanceAndHealth","endPoint":"none"},"timetakeninmilliseconds":{"classification":"SystemMetaData","purpose":"PerformanceAndHealth","endPoint":"none"},"versions.debugadaptercore":{"classification":"SystemMetaData","purpose":"FeatureInsight","endPoint":"none"},"versions.target.version":{"classification":"SystemMetaData","purpose":"FeatureInsight","endPoint":"none"},"versions.debugadapter":{"classification":"SystemMetaData","purpose":"FeatureInsight","endPoint":"none"}},"ms-vscode.node2/ClientRequest/continue":{"successful":{"classification":"SystemMetaData","purpose":"PerformanceAndHealth","endPoint":"none"},"exceptiontype":{"classification":"SystemMetaData","purpose":"PerformanceAndHealth","endPoint":"none"},"!exceptionmessage":{"classification":"CallstackOrException","purpose":"PerformanceAndHealth","endPoint":"none"},"exceptionname":{"classification":"CallstackOrException","purpose":"PerformanceAndHealth","endPoint":"none"},"!exceptionstack":{"classification":"CallstackOrException","purpose":"PerformanceAndHealth","endPoint":"none"},"!exceptionid":{"classification":"CallstackOrException","purpose":"PerformanceAndHealth","endPoint":"none"},"starttime":{"classification":"SystemMetaData","purpose":"PerformanceAndHealth","endPoint":"none"},"timetakeninmilliseconds":{"classification":"SystemMetaData","purpose":"PerformanceAndHealth","endPoint":"none"},"versions.debugadaptercore":{"classification":"SystemMetaData","purpose":"FeatureInsight","endPoint":"none"},"versions.target.version":{"classification":"SystemMetaData","purpose":"FeatureInsight","endPoint":"none"},"versions.debugadapter":{"classification":"SystemMetaData","purpose":"FeatureInsight","endPoint":"none"}},"ms-vscode.node2/continueRequest":{"versions.debugadaptercore":{"classification":"SystemMetaData","purpose":"FeatureInsight","endPoint":"none"},"versions.target.version":{"classification":"SystemMetaData","purpose":"FeatureInsight","endPoint":"none"},"versions.debugadapter":{"classification":"SystemMetaData","purpose":"FeatureInsight","endPoint":"none"}},"ms-vscode.node2/ClientRequest/next":{"successful":{"classification":"SystemMetaData","purpose":"PerformanceAndHealth","endPoint":"none"},"exceptiontype":{"classification":"SystemMetaData","purpose":"PerformanceAndHealth","endPoint":"none"},"!exceptionmessage":{"classification":"CallstackOrException","purpose":"PerformanceAndHealth","endPoint":"none"},"exceptionname":{"classification":"CallstackOrException","purpose":"PerformanceAndHealth","endPoint":"none"},"!exceptionstack":{"classification":"CallstackOrException","purpose":"PerformanceAndHealth","endPoint":"none"},"!exceptionid":{"classification":"CallstackOrException","purpose":"PerformanceAndHealth","endPoint":"none"},"starttime":{"classification":"SystemMetaData","purpose":"PerformanceAndHealth","endPoint":"none"},"timetakeninmilliseconds":{"classification":"SystemMetaData","purpose":"PerformanceAndHealth","endPoint":"none"},"versions.debugadaptercore":{"classification":"SystemMetaData","purpose":"FeatureInsight","endPoint":"none"},"versions.target.version":{"classification":"SystemMetaData","purpose":"FeatureInsight","endPoint":"none"},"versions.debugadapter":{"classification":"SystemMetaData","purpose":"FeatureInsight","endPoint":"none"}},"ms-vscode.node2/nextRequest":{"versions.debugadaptercore":{"classification":"SystemMetaData","purpose":"FeatureInsight","endPoint":"none"},"versions.target.version":{"classification":"SystemMetaData","purpose":"FeatureInsight","endPoint":"none"},"versions.debugadapter":{"classification":"SystemMetaData","purpose":"FeatureInsight","endPoint":"none"}},"ms-vscode.node2/ClientRequest/stepIn":{"successful":{"classification":"SystemMetaData","purpose":"PerformanceAndHealth","endPoint":"none"},"exceptiontype":{"classification":"SystemMetaData","purpose":"PerformanceAndHealth","endPoint":"none"},"!exceptionmessage":{"classification":"CallstackOrException","purpose":"PerformanceAndHealth","endPoint":"none"},"exceptionname":{"classification":"CallstackOrException","purpose":"PerformanceAndHealth","endPoint":"none"},"!exceptionstack":{"classification":"CallstackOrException","purpose":"PerformanceAndHealth","endPoint":"none"},"!exceptionid":{"classification":"CallstackOrException","purpose":"PerformanceAndHealth","endPoint":"none"},"starttime":{"classification":"SystemMetaData","purpose":"PerformanceAndHealth","endPoint":"none"},"timetakeninmilliseconds":{"classification":"SystemMetaData","purpose":"PerformanceAndHealth","endPoint":"none"},"versions.debugadaptercore":{"classification":"SystemMetaData","purpose":"FeatureInsight","endPoint":"none"},"versions.target.version":{"classification":"SystemMetaData","purpose":"FeatureInsight","endPoint":"none"},"versions.debugadapter":{"classification":"SystemMetaData","purpose":"FeatureInsight","endPoint":"none"}},"ms-vscode.node2/stepInRequest":{"versions.debugadaptercore":{"classification":"SystemMetaData","purpose":"FeatureInsight","endPoint":"none"},"versions.target.version":{"classification":"SystemMetaData","purpose":"FeatureInsight","endPoint":"none"},"versions.debugadapter":{"classification":"SystemMetaData","purpose":"FeatureInsight","endPoint":"none"}},"ms-vscode.node2/ClientRequest/stepOut":{"successful":{"classification":"SystemMetaData","purpose":"PerformanceAndHealth","endPoint":"none"},"exceptiontype":{"classification":"SystemMetaData","purpose":"PerformanceAndHealth","endPoint":"none"},"!exceptionmessage":{"classification":"CallstackOrException","purpose":"PerformanceAndHealth","endPoint":"none"},"exceptionname":{"classification":"CallstackOrException","purpose":"PerformanceAndHealth","endPoint":"none"},"!exceptionstack":{"classification":"CallstackOrException","purpose":"PerformanceAndHealth","endPoint":"none"},"!exceptionid":{"classification":"CallstackOrException","purpose":"PerformanceAndHealth","endPoint":"none"},"starttime":{"classification":"SystemMetaData","purpose":"PerformanceAndHealth","endPoint":"none"},"timetakeninmilliseconds":{"classification":"SystemMetaData","purpose":"PerformanceAndHealth","endPoint":"none"},"versions.debugadaptercore":{"classification":"SystemMetaData","purpose":"FeatureInsight","endPoint":"none"},"versions.target.version":{"classification":"SystemMetaData","purpose":"FeatureInsight","endPoint":"none"},"versions.debugadapter":{"classification":"SystemMetaData","purpose":"FeatureInsight","endPoint":"none"}},"ms-vscode.node2/stepOutRequest":{"versions.debugadaptercore":{"classification":"SystemMetaData","purpose":"FeatureInsight","endPoint":"none"},"versions.target.version":{"classification":"SystemMetaData","purpose":"FeatureInsight","endPoint":"none"},"versions.debugadapter":{"classification":"SystemMetaData","purpose":"FeatureInsight","endPoint":"none"}},"ms-vscode.node2/ClientRequest/stepBack":{"successful":{"classification":"SystemMetaData","purpose":"PerformanceAndHealth","endPoint":"none"},"exceptiontype":{"classification":"SystemMetaData","purpose":"PerformanceAndHealth","endPoint":"none"},"!exceptionmessage":{"classification":"CallstackOrException","purpose":"PerformanceAndHealth","endPoint":"none"},"exceptionname":{"classification":"CallstackOrException","purpose":"PerformanceAndHealth","endPoint":"none"},"!exceptionstack":{"classification":"CallstackOrException","purpose":"PerformanceAndHealth","endPoint":"none"},"!exceptionid":{"classification":"CallstackOrException","purpose":"PerformanceAndHealth","endPoint":"none"},"starttime":{"classification":"SystemMetaData","purpose":"PerformanceAndHealth","endPoint":"none"},"timetakeninmilliseconds":{"classification":"SystemMetaData","purpose":"PerformanceAndHealth","endPoint":"none"},"versions.debugadaptercore":{"classification":"SystemMetaData","purpose":"FeatureInsight","endPoint":"none"},"versions.target.version":{"classification":"SystemMetaData","purpose":"FeatureInsight","endPoint":"none"},"versions.debugadapter":{"classification":"SystemMetaData","purpose":"FeatureInsight","endPoint":"none"}},"ms-vscode.node2/ClientRequest/reverseContinue":{"successful":{"classification":"SystemMetaData","purpose":"PerformanceAndHealth","endPoint":"none"},"exceptiontype":{"classification":"SystemMetaData","purpose":"PerformanceAndHealth","endPoint":"none"},"!exceptionmessage":{"classification":"CallstackOrException","purpose":"PerformanceAndHealth","endPoint":"none"},"exceptionname":{"classification":"CallstackOrException","purpose":"PerformanceAndHealth","endPoint":"none"},"!exceptionstack":{"classification":"CallstackOrException","purpose":"PerformanceAndHealth","endPoint":"none"},"!exceptionid":{"classification":"CallstackOrException","purpose":"PerformanceAndHealth","endPoint":"none"},"starttime":{"classification":"SystemMetaData","purpose":"PerformanceAndHealth","endPoint":"none"},"timetakeninmilliseconds":{"classification":"SystemMetaData","purpose":"PerformanceAndHealth","endPoint":"none"},"versions.debugadaptercore":{"classification":"SystemMetaData","purpose":"FeatureInsight","endPoint":"none"},"versions.target.version":{"classification":"SystemMetaData","purpose":"FeatureInsight","endPoint":"none"},"versions.debugadapter":{"classification":"SystemMetaData","purpose":"FeatureInsight","endPoint":"none"}},"ms-vscode.node2/ClientRequest/pause":{"successful":{"classification":"SystemMetaData","purpose":"PerformanceAndHealth","endPoint":"none"},"exceptiontype":{"classification":"SystemMetaData","purpose":"PerformanceAndHealth","endPoint":"none"},"!exceptionmessage":{"classification":"CallstackOrException","purpose":"PerformanceAndHealth","endPoint":"none"},"exceptionname":{"classification":"CallstackOrException","purpose":"PerformanceAndHealth","endPoint":"none"},"!exceptionstack":{"classification":"CallstackOrException","purpose":"PerformanceAndHealth","endPoint":"none"},"!exceptionid":{"classification":"CallstackOrException","purpose":"PerformanceAndHealth","endPoint":"none"},"starttime":{"classification":"SystemMetaData","purpose":"PerformanceAndHealth","endPoint":"none"},"timetakeninmilliseconds":{"classification":"SystemMetaData","purpose":"PerformanceAndHealth","endPoint":"none"},"versions.debugadaptercore":{"classification":"SystemMetaData","purpose":"FeatureInsight","endPoint":"none"},"versions.target.version":{"classification":"SystemMetaData","purpose":"FeatureInsight","endPoint":"none"},"versions.debugadapter":{"classification":"SystemMetaData","purpose":"FeatureInsight","endPoint":"none"}},"ms-vscode.node2/pauseRequest":{"versions.debugadaptercore":{"classification":"SystemMetaData","purpose":"FeatureInsight","endPoint":"none"},"versions.target.version":{"classification":"SystemMetaData","purpose":"FeatureInsight","endPoint":"none"},"versions.debugadapter":{"classification":"SystemMetaData","purpose":"FeatureInsight","endPoint":"none"}},"ms-vscode.node2/ClientRequest/stackTrace":{"successful":{"classification":"SystemMetaData","purpose":"PerformanceAndHealth","endPoint":"none"},"exceptiontype":{"classification":"SystemMetaData","purpose":"PerformanceAndHealth","endPoint":"none"},"!exceptionmessage":{"classification":"CallstackOrException","purpose":"PerformanceAndHealth","endPoint":"none"},"exceptionname":{"classification":"CallstackOrException","purpose":"PerformanceAndHealth","endPoint":"none"},"!exceptionstack":{"classification":"CallstackOrException","purpose":"PerformanceAndHealth","endPoint":"none"},"!exceptionid":{"classification":"CallstackOrException","purpose":"PerformanceAndHealth","endPoint":"none"},"starttime":{"classification":"SystemMetaData","purpose":"PerformanceAndHealth","endPoint":"none"},"timetakeninmilliseconds":{"classification":"SystemMetaData","purpose":"PerformanceAndHealth","endPoint":"none"},"versions.debugadaptercore":{"classification":"SystemMetaData","purpose":"FeatureInsight","endPoint":"none"},"versions.target.version":{"classification":"SystemMetaData","purpose":"FeatureInsight","endPoint":"none"},"versions.debugadapter":{"classification":"SystemMetaData","purpose":"FeatureInsight","endPoint":"none"}},"ms-vscode.node2/ClientRequest/scopes":{"successful":{"classification":"SystemMetaData","purpose":"PerformanceAndHealth","endPoint":"none"},"exceptiontype":{"classification":"SystemMetaData","purpose":"PerformanceAndHealth","endPoint":"none"},"!exceptionmessage":{"classification":"CallstackOrException","purpose":"PerformanceAndHealth","endPoint":"none"},"exceptionname":{"classification":"CallstackOrException","purpose":"PerformanceAndHealth","endPoint":"none"},"!exceptionstack":{"classification":"CallstackOrException","purpose":"PerformanceAndHealth","endPoint":"none"},"!exceptionid":{"classification":"CallstackOrException","purpose":"PerformanceAndHealth","endPoint":"none"},"starttime":{"classification":"SystemMetaData","purpose":"PerformanceAndHealth","endPoint":"none"},"timetakeninmilliseconds":{"classification":"SystemMetaData","purpose":"PerformanceAndHealth","endPoint":"none"},"versions.debugadaptercore":{"classification":"SystemMetaData","purpose":"FeatureInsight","endPoint":"none"},"versions.target.version":{"classification":"SystemMetaData","purpose":"FeatureInsight","endPoint":"none"},"versions.debugadapter":{"classification":"SystemMetaData","purpose":"FeatureInsight","endPoint":"none"}},"ms-vscode.node2/ClientRequest/variables":{"successful":{"classification":"SystemMetaData","purpose":"PerformanceAndHealth","endPoint":"none"},"exceptiontype":{"classification":"SystemMetaData","purpose":"PerformanceAndHealth","endPoint":"none"},"!exceptionmessage":{"classification":"CallstackOrException","purpose":"PerformanceAndHealth","endPoint":"none"},"exceptionname":{"classification":"CallstackOrException","purpose":"PerformanceAndHealth","endPoint":"none"},"!exceptionstack":{"classification":"CallstackOrException","purpose":"PerformanceAndHealth","endPoint":"none"},"!exceptionid":{"classification":"CallstackOrException","purpose":"PerformanceAndHealth","endPoint":"none"},"starttime":{"classification":"SystemMetaData","purpose":"PerformanceAndHealth","endPoint":"none"},"timetakeninmilliseconds":{"classification":"SystemMetaData","purpose":"PerformanceAndHealth","endPoint":"none"},"versions.debugadaptercore":{"classification":"SystemMetaData","purpose":"FeatureInsight","endPoint":"none"},"versions.target.version":{"classification":"SystemMetaData","purpose":"FeatureInsight","endPoint":"none"},"versions.debugadapter":{"classification":"SystemMetaData","purpose":"FeatureInsight","endPoint":"none"}},"ms-vscode.node2/ClientRequest/source":{"successful":{"classification":"SystemMetaData","purpose":"PerformanceAndHealth","endPoint":"none"},"exceptiontype":{"classification":"SystemMetaData","purpose":"PerformanceAndHealth","endPoint":"none"},"!exceptionmessage":{"classification":"CallstackOrException","purpose":"PerformanceAndHealth","endPoint":"none"},"exceptionname":{"classification":"CallstackOrException","purpose":"PerformanceAndHealth","endPoint":"none"},"!exceptionstack":{"classification":"CallstackOrException","purpose":"PerformanceAndHealth","endPoint":"none"},"!exceptionid":{"classification":"CallstackOrException","purpose":"PerformanceAndHealth","endPoint":"none"},"starttime":{"classification":"SystemMetaData","purpose":"PerformanceAndHealth","endPoint":"none"},"timetakeninmilliseconds":{"classification":"SystemMetaData","purpose":"PerformanceAndHealth","endPoint":"none"},"versions.debugadaptercore":{"classification":"SystemMetaData","purpose":"FeatureInsight","endPoint":"none"},"versions.target.version":{"classification":"SystemMetaData","purpose":"FeatureInsight","endPoint":"none"},"versions.debugadapter":{"classification":"SystemMetaData","purpose":"FeatureInsight","endPoint":"none"}},"ms-vscode.node2/ClientRequest/threads":{"successful":{"classification":"SystemMetaData","purpose":"PerformanceAndHealth","endPoint":"none"},"exceptiontype":{"classification":"SystemMetaData","purpose":"PerformanceAndHealth","endPoint":"none"},"!exceptionmessage":{"classification":"CallstackOrException","purpose":"PerformanceAndHealth","endPoint":"none"},"exceptionname":{"classification":"CallstackOrException","purpose":"PerformanceAndHealth","endPoint":"none"},"!exceptionstack":{"classification":"CallstackOrException","purpose":"PerformanceAndHealth","endPoint":"none"},"!exceptionid":{"classification":"CallstackOrException","purpose":"PerformanceAndHealth","endPoint":"none"},"starttime":{"classification":"SystemMetaData","purpose":"PerformanceAndHealth","endPoint":"none"},"timetakeninmilliseconds":{"classification":"SystemMetaData","purpose":"PerformanceAndHealth","endPoint":"none"},"versions.debugadaptercore":{"classification":"SystemMetaData","purpose":"FeatureInsight","endPoint":"none"},"versions.target.version":{"classification":"SystemMetaData","purpose":"FeatureInsight","endPoint":"none"},"versions.debugadapter":{"classification":"SystemMetaData","purpose":"FeatureInsight","endPoint":"none"}},"ms-vscode.node2/ClientRequest/evaluate":{"successful":{"classification":"SystemMetaData","purpose":"PerformanceAndHealth","endPoint":"none"},"exceptiontype":{"classification":"SystemMetaData","purpose":"PerformanceAndHealth","endPoint":"none"},"!exceptionmessage":{"classification":"CallstackOrException","purpose":"PerformanceAndHealth","endPoint":"none"},"exceptionname":{"classification":"CallstackOrException","purpose":"PerformanceAndHealth","endPoint":"none"},"!exceptionstack":{"classification":"CallstackOrException","purpose":"PerformanceAndHealth","endPoint":"none"},"!exceptionid":{"classification":"CallstackOrException","purpose":"PerformanceAndHealth","endPoint":"none"},"starttime":{"classification":"SystemMetaData","purpose":"PerformanceAndHealth","endPoint":"none"},"timetakeninmilliseconds":{"classification":"SystemMetaData","purpose":"PerformanceAndHealth","endPoint":"none"},"versions.debugadaptercore":{"classification":"SystemMetaData","purpose":"FeatureInsight","endPoint":"none"},"versions.target.version":{"classification":"SystemMetaData","purpose":"FeatureInsight","endPoint":"none"},"versions.debugadapter":{"classification":"SystemMetaData","purpose":"FeatureInsight","endPoint":"none"}},"ms-vscode.node2/ClientRequest/setVariable":{"successful":{"classification":"SystemMetaData","purpose":"PerformanceAndHealth","endPoint":"none"},"exceptiontype":{"classification":"SystemMetaData","purpose":"PerformanceAndHealth","endPoint":"none"},"!exceptionmessage":{"classification":"CallstackOrException","purpose":"PerformanceAndHealth","endPoint":"none"},"exceptionname":{"classification":"CallstackOrException","purpose":"PerformanceAndHealth","endPoint":"none"},"!exceptionstack":{"classification":"CallstackOrException","purpose":"PerformanceAndHealth","endPoint":"none"},"!exceptionid":{"classification":"CallstackOrException","purpose":"PerformanceAndHealth","endPoint":"none"},"starttime":{"classification":"SystemMetaData","purpose":"PerformanceAndHealth","endPoint":"none"},"timetakeninmilliseconds":{"classification":"SystemMetaData","purpose":"PerformanceAndHealth","endPoint":"none"},"versions.debugadaptercore":{"classification":"SystemMetaData","purpose":"FeatureInsight","endPoint":"none"},"versions.target.version":{"classification":"SystemMetaData","purpose":"FeatureInsight","endPoint":"none"},"versions.debugadapter":{"classification":"SystemMetaData","purpose":"FeatureInsight","endPoint":"none"}},"ms-vscode.node2/ClientRequest/restartFrame":{"successful":{"classification":"SystemMetaData","purpose":"PerformanceAndHealth","endPoint":"none"},"exceptiontype":{"classification":"SystemMetaData","purpose":"PerformanceAndHealth","endPoint":"none"},"!exceptionmessage":{"classification":"CallstackOrException","purpose":"PerformanceAndHealth","endPoint":"none"},"exceptionname":{"classification":"CallstackOrException","purpose":"PerformanceAndHealth","endPoint":"none"},"!exceptionstack":{"classification":"CallstackOrException","purpose":"PerformanceAndHealth","endPoint":"none"},"!exceptionid":{"classification":"CallstackOrException","purpose":"PerformanceAndHealth","endPoint":"none"},"starttime":{"classification":"SystemMetaData","purpose":"PerformanceAndHealth","endPoint":"none"},"timetakeninmilliseconds":{"classification":"SystemMetaData","purpose":"PerformanceAndHealth","endPoint":"none"},"versions.debugadaptercore":{"classification":"SystemMetaData","purpose":"FeatureInsight","endPoint":"none"},"versions.target.version":{"classification":"SystemMetaData","purpose":"FeatureInsight","endPoint":"none"},"versions.debugadapter":{"classification":"SystemMetaData","purpose":"FeatureInsight","endPoint":"none"}},"ms-vscode.node2/ClientRequest/completions":{"successful":{"classification":"SystemMetaData","purpose":"PerformanceAndHealth","endPoint":"none"},"exceptiontype":{"classification":"SystemMetaData","purpose":"PerformanceAndHealth","endPoint":"none"},"!exceptionmessage":{"classification":"CallstackOrException","purpose":"PerformanceAndHealth","endPoint":"none"},"exceptionname":{"classification":"CallstackOrException","purpose":"PerformanceAndHealth","endPoint":"none"},"!exceptionstack":{"classification":"CallstackOrException","purpose":"PerformanceAndHealth","endPoint":"none"},"!exceptionid":{"classification":"CallstackOrException","purpose":"PerformanceAndHealth","endPoint":"none"},"starttime":{"classification":"SystemMetaData","purpose":"PerformanceAndHealth","endPoint":"none"},"timetakeninmilliseconds":{"classification":"SystemMetaData","purpose":"PerformanceAndHealth","endPoint":"none"},"versions.debugadaptercore":{"classification":"SystemMetaData","purpose":"FeatureInsight","endPoint":"none"},"versions.target.version":{"classification":"SystemMetaData","purpose":"FeatureInsight","endPoint":"none"},"versions.debugadapter":{"classification":"SystemMetaData","purpose":"FeatureInsight","endPoint":"none"}},"ms-vscode.node2/targetCount":{"numtargets":{"classification":"SystemMetaData","purpose":"FeatureInsight","endPoint":"none","isMeasurement":true},"versions.debugadaptercore":{"classification":"SystemMetaData","purpose":"FeatureInsight","endPoint":"none"},"versions.target.version":{"classification":"SystemMetaData","purpose":"FeatureInsight","endPoint":"none"},"versions.debugadapter":{"classification":"SystemMetaData","purpose":"FeatureInsight","endPoint":"none"}},"ms-vscode.node2/targetDebugProtocolVersion":{"debugprotocolversion":{"classification":"SystemMetaData","purpose":"FeatureInsight","endPoint":"none"},"versions.debugadaptercore":{"classification":"SystemMetaData","purpose":"FeatureInsight","endPoint":"none"},"versions.target.version":{"classification":"SystemMetaData","purpose":"FeatureInsight","endPoint":"none"},"versions.debugadapter":{"classification":"SystemMetaData","purpose":"FeatureInsight","endPoint":"none"}},"ms-vscode.node2/error-while-adding-custom-global-property":{"successful":{"classification":"SystemMetaData","purpose":"PerformanceAndHealth","endPoint":"none"},"exceptiontype":{"classification":"SystemMetaData","purpose":"PerformanceAndHealth","endPoint":"none"},"!exceptionmessage":{"classification":"CallstackOrException","purpose":"PerformanceAndHealth","endPoint":"none"},"exceptionname":{"classification":"CallstackOrException","purpose":"PerformanceAndHealth","endPoint":"none"},"!exceptionstack":{"classification":"CallstackOrException","purpose":"PerformanceAndHealth","endPoint":"none"},"!exceptionid":{"classification":"CallstackOrException","purpose":"PerformanceAndHealth","endPoint":"none"},"starttime":{"classification":"SystemMetaData","purpose":"PerformanceAndHealth","endPoint":"none"},"timetakeninmilliseconds":{"classification":"SystemMetaData","purpose":"PerformanceAndHealth","endPoint":"none"}},"ms-vscode.node2/nodeVersion":{"version":{"classification":"SystemMetaData","purpose":"FeatureInsight","endPoint":"none"},"versions.debugadaptercore":{"classification":"SystemMetaData","purpose":"FeatureInsight","endPoint":"none"},"versions.target.version":{"classification":"SystemMetaData","purpose":"FeatureInsight","endPoint":"none"},"versions.debugadapter":{"classification":"SystemMetaData","purpose":"FeatureInsight","endPoint":"none"}},"ms-vscode.node2/debugProtocolErrorResponse":{"error":{"classification":"CallstackOrException","purpose":"PerformanceAndHealth"}},"ms-vscode.node2/optinstatus":{"optin":{"classification":"SystemMetaData","purpose":"BusinessInsight","isMeasurement":true}},"ms-vscode.node/error":{"successful":{"classification":"SystemMetaData","purpose":"PerformanceAndHealth","endPoint":"none"},"exceptiontype":{"classification":"SystemMetaData","purpose":"PerformanceAndHealth","endPoint":"none"},"!exceptionmessage":{"classification":"CallstackOrException","purpose":"PerformanceAndHealth","endPoint":"none"},"exceptionname":{"classification":"CallstackOrException","purpose":"PerformanceAndHealth","endPoint":"none"},"!exceptionstack":{"classification":"CallstackOrException","purpose":"PerformanceAndHealth","endPoint":"none"},"!exceptionid":{"classification":"CallstackOrException","purpose":"PerformanceAndHealth","endPoint":"none"},"starttime":{"classification":"SystemMetaData","purpose":"PerformanceAndHealth","endPoint":"none"},"timetakeninmilliseconds":{"classification":"SystemMetaData","purpose":"PerformanceAndHealth","endPoint":"none"},"versions.debugadaptercore":{"classification":"SystemMetaData","purpose":"FeatureInsight","endPoint":"none"}},"ms-vscode.node/report-start-up-timings":{"requestedcontentwasnotdetectedreason":{"classification":"SystemMetaData","purpose":"FeatureInsight","endPoint":"none"},"steps":{"classification":"SystemMetaData","purpose":"FeatureInsight","endPoint":"none"},"all":{"classification":"SystemMetaData","purpose":"FeatureInsight","endPoint":"none"},"${wildcard}":[{"${prefix}":"request.","${classification}":{"classification":"SystemMetaData","purpose":"FeatureInsight","endPoint":"none"}},{"${prefix}":"waitingafter","${classification}":{"classification":"SystemMetaData","purpose":"FeatureInsight","endPoint":"none"}}],"beforefirststep":{"classification":"SystemMetaData","purpose":"FeatureInsight","endPoint":"none"},"afterlaststep":{"classification":"SystemMetaData","purpose":"FeatureInsight","endPoint":"none"},"attach.attachtotargetdebuggerwebsocket":{"classification":"SystemMetaData","purpose":"FeatureInsight","endPoint":"none"},"attach":{"classification":"SystemMetaData","purpose":"FeatureInsight","endPoint":"none"},"attach.configuredebuggingsession.internal":{"classification":"SystemMetaData","purpose":"FeatureInsight","endPoint":"none"},"attach.configuredebuggingsession.target":{"classification":"SystemMetaData","purpose":"FeatureInsight","endPoint":"none"},"attach.configuredebuggingsession.end":{"classification":"SystemMetaData","purpose":"FeatureInsight","endPoint":"none"},"attach.requestdebuggertargetsinformation":{"classification":"SystemMetaData","purpose":"FeatureInsight","endPoint":"none"},"attach.processdebuggertargetsinformation":{"classification":"SystemMetaData","purpose":"FeatureInsight","endPoint":"none"},"versions.debugadaptercore":{"classification":"SystemMetaData","purpose":"FeatureInsight","endPoint":"none"}},"ms-vscode.node/targetCount":{"numtargets":{"classification":"SystemMetaData","purpose":"FeatureInsight","endPoint":"none","isMeasurement":true},"versions.debugadaptercore":{"classification":"SystemMetaData","purpose":"FeatureInsight","endPoint":"none"}},"ms-vscode.node/targetDebugProtocolVersion":{"debugprotocolversion":{"classification":"SystemMetaData","purpose":"FeatureInsight","endPoint":"none"},"versions.debugadaptercore":{"classification":"SystemMetaData","purpose":"FeatureInsight","endPoint":"none"}},"ms-vscode.node/error-while-adding-custom-global-property":{"successful":{"classification":"SystemMetaData","purpose":"PerformanceAndHealth","endPoint":"none"},"exceptiontype":{"classification":"SystemMetaData","purpose":"PerformanceAndHealth","endPoint":"none"},"!exceptionmessage":{"classification":"CallstackOrException","purpose":"PerformanceAndHealth","endPoint":"none"},"exceptionname":{"classification":"CallstackOrException","purpose":"PerformanceAndHealth","endPoint":"none"},"!exceptionstack":{"classification":"CallstackOrException","purpose":"PerformanceAndHealth","endPoint":"none"},"!exceptionid":{"classification":"CallstackOrException","purpose":"PerformanceAndHealth","endPoint":"none"},"starttime":{"classification":"SystemMetaData","purpose":"PerformanceAndHealth","endPoint":"none"},"timetakeninmilliseconds":{"classification":"SystemMetaData","purpose":"PerformanceAndHealth","endPoint":"none"}},"ms-vscode.node/ClientRequest/initialize":{"successful":{"classification":"SystemMetaData","purpose":"PerformanceAndHealth","endPoint":"none"},"exceptiontype":{"classification":"SystemMetaData","purpose":"PerformanceAndHealth","endPoint":"none"},"!exceptionmessage":{"classification":"CallstackOrException","purpose":"PerformanceAndHealth","endPoint":"none"},"exceptionname":{"classification":"CallstackOrException","purpose":"PerformanceAndHealth","endPoint":"none"},"!exceptionstack":{"classification":"CallstackOrException","purpose":"PerformanceAndHealth","endPoint":"none"},"!exceptionid":{"classification":"CallstackOrException","purpose":"PerformanceAndHealth","endPoint":"none"},"starttime":{"classification":"SystemMetaData","purpose":"PerformanceAndHealth","endPoint":"none"},"timetakeninmilliseconds":{"classification":"SystemMetaData","purpose":"PerformanceAndHealth","endPoint":"none"},"versions.debugadaptercore":{"classification":"SystemMetaData","purpose":"FeatureInsight","endPoint":"none"}},"ms-vscode.node/ClientRequest/configurationDone":{"successful":{"classification":"SystemMetaData","purpose":"PerformanceAndHealth","endPoint":"none"},"exceptiontype":{"classification":"SystemMetaData","purpose":"PerformanceAndHealth","endPoint":"none"},"!exceptionmessage":{"classification":"CallstackOrException","purpose":"PerformanceAndHealth","endPoint":"none"},"exceptionname":{"classification":"CallstackOrException","purpose":"PerformanceAndHealth","endPoint":"none"},"!exceptionstack":{"classification":"CallstackOrException","purpose":"PerformanceAndHealth","endPoint":"none"},"!exceptionid":{"classification":"CallstackOrException","purpose":"PerformanceAndHealth","endPoint":"none"},"starttime":{"classification":"SystemMetaData","purpose":"PerformanceAndHealth","endPoint":"none"},"timetakeninmilliseconds":{"classification":"SystemMetaData","purpose":"PerformanceAndHealth","endPoint":"none"},"versions.debugadaptercore":{"classification":"SystemMetaData","purpose":"FeatureInsight","endPoint":"none"}},"ms-vscode.node/ClientRequest/launch":{"successful":{"classification":"SystemMetaData","purpose":"PerformanceAndHealth","endPoint":"none"},"exceptiontype":{"classification":"SystemMetaData","purpose":"PerformanceAndHealth","endPoint":"none"},"!exceptionmessage":{"classification":"CallstackOrException","purpose":"PerformanceAndHealth","endPoint":"none"},"exceptionname":{"classification":"CallstackOrException","purpose":"PerformanceAndHealth","endPoint":"none"},"!exceptionstack":{"classification":"CallstackOrException","purpose":"PerformanceAndHealth","endPoint":"none"},"!exceptionid":{"classification":"CallstackOrException","purpose":"PerformanceAndHealth","endPoint":"none"},"starttime":{"classification":"SystemMetaData","purpose":"PerformanceAndHealth","endPoint":"none"},"timetakeninmilliseconds":{"classification":"SystemMetaData","purpose":"PerformanceAndHealth","endPoint":"none"},"versions.debugadaptercore":{"classification":"SystemMetaData","purpose":"FeatureInsight","endPoint":"none"}},"ms-vscode.node/debugStarted":{"request":{"classification":"SystemMetaData","purpose":"FeatureInsight","endPoint":"none"},"args":{"classification":"SystemMetaData","purpose":"FeatureInsight","endPoint":"none"},"versions.debugadaptercore":{"classification":"SystemMetaData","purpose":"FeatureInsight","endPoint":"none"}},"ms-vscode.node/ClientRequest/attach":{"successful":{"classification":"SystemMetaData","purpose":"PerformanceAndHealth","endPoint":"none"},"exceptiontype":{"classification":"SystemMetaData","purpose":"PerformanceAndHealth","endPoint":"none"},"!exceptionmessage":{"classification":"CallstackOrException","purpose":"PerformanceAndHealth","endPoint":"none"},"exceptionname":{"classification":"CallstackOrException","purpose":"PerformanceAndHealth","endPoint":"none"},"!exceptionstack":{"classification":"CallstackOrException","purpose":"PerformanceAndHealth","endPoint":"none"},"!exceptionid":{"classification":"CallstackOrException","purpose":"PerformanceAndHealth","endPoint":"none"},"starttime":{"classification":"SystemMetaData","purpose":"PerformanceAndHealth","endPoint":"none"},"timetakeninmilliseconds":{"classification":"SystemMetaData","purpose":"PerformanceAndHealth","endPoint":"none"},"versions.debugadaptercore":{"classification":"SystemMetaData","purpose":"FeatureInsight","endPoint":"none"}},"ms-vscode.node/debugStopped":{"reason":{"classification":"SystemMetaData","purpose":"FeatureInsight","endPoint":"none"},"versions.debugadaptercore":{"classification":"SystemMetaData","purpose":"FeatureInsight","endPoint":"none"}},"ms-vscode.node/target/notification/onPaused":{"successful":{"classification":"SystemMetaData","purpose":"PerformanceAndHealth","endPoint":"none"},"exceptiontype":{"classification":"SystemMetaData","purpose":"PerformanceAndHealth","endPoint":"none"},"!exceptionmessage":{"classification":"CallstackOrException","purpose":"PerformanceAndHealth","endPoint":"none"},"exceptionname":{"classification":"CallstackOrException","purpose":"PerformanceAndHealth","endPoint":"none"},"!exceptionstack":{"classification":"CallstackOrException","purpose":"PerformanceAndHealth","endPoint":"none"},"!exceptionid":{"classification":"CallstackOrException","purpose":"PerformanceAndHealth","endPoint":"none"},"starttime":{"classification":"SystemMetaData","purpose":"PerformanceAndHealth","endPoint":"none"},"timetakeninmilliseconds":{"classification":"SystemMetaData","purpose":"PerformanceAndHealth","endPoint":"none"},"versions.debugadaptercore":{"classification":"SystemMetaData","purpose":"FeatureInsight","endPoint":"none"}},"ms-vscode.node/target/notification/onScriptParsed":{"successful":{"classification":"SystemMetaData","purpose":"PerformanceAndHealth","endPoint":"none"},"exceptiontype":{"classification":"SystemMetaData","purpose":"PerformanceAndHealth","endPoint":"none"},"!exceptionmessage":{"classification":"CallstackOrException","purpose":"PerformanceAndHealth","endPoint":"none"},"exceptionname":{"classification":"CallstackOrException","purpose":"PerformanceAndHealth","endPoint":"none"},"!exceptionstack":{"classification":"CallstackOrException","purpose":"PerformanceAndHealth","endPoint":"none"},"!exceptionid":{"classification":"CallstackOrException","purpose":"PerformanceAndHealth","endPoint":"none"},"starttime":{"classification":"SystemMetaData","purpose":"PerformanceAndHealth","endPoint":"none"},"timetakeninmilliseconds":{"classification":"SystemMetaData","purpose":"PerformanceAndHealth","endPoint":"none"},"versions.debugadaptercore":{"classification":"SystemMetaData","purpose":"FeatureInsight","endPoint":"none"}},"ms-vscode.node/ClientRequest/exceptionInfo":{"successful":{"classification":"SystemMetaData","purpose":"PerformanceAndHealth","endPoint":"none"},"exceptiontype":{"classification":"SystemMetaData","purpose":"PerformanceAndHealth","endPoint":"none"},"!exceptionmessage":{"classification":"CallstackOrException","purpose":"PerformanceAndHealth","endPoint":"none"},"exceptionname":{"classification":"CallstackOrException","purpose":"PerformanceAndHealth","endPoint":"none"},"!exceptionstack":{"classification":"CallstackOrException","purpose":"PerformanceAndHealth","endPoint":"none"},"!exceptionid":{"classification":"CallstackOrException","purpose":"PerformanceAndHealth","endPoint":"none"},"starttime":{"classification":"SystemMetaData","purpose":"PerformanceAndHealth","endPoint":"none"},"timetakeninmilliseconds":{"classification":"SystemMetaData","purpose":"PerformanceAndHealth","endPoint":"none"},"versions.debugadaptercore":{"classification":"SystemMetaData","purpose":"FeatureInsight","endPoint":"none"}},"ms-vscode.node/ClientRequest/toggleSmartStep":{"successful":{"classification":"SystemMetaData","purpose":"PerformanceAndHealth","endPoint":"none"},"exceptiontype":{"classification":"SystemMetaData","purpose":"PerformanceAndHealth","endPoint":"none"},"!exceptionmessage":{"classification":"CallstackOrException","purpose":"PerformanceAndHealth","endPoint":"none"},"exceptionname":{"classification":"CallstackOrException","purpose":"PerformanceAndHealth","endPoint":"none"},"!exceptionstack":{"classification":"CallstackOrException","purpose":"PerformanceAndHealth","endPoint":"none"},"!exceptionid":{"classification":"CallstackOrException","purpose":"PerformanceAndHealth","endPoint":"none"},"starttime":{"classification":"SystemMetaData","purpose":"PerformanceAndHealth","endPoint":"none"},"timetakeninmilliseconds":{"classification":"SystemMetaData","purpose":"PerformanceAndHealth","endPoint":"none"},"versions.debugadaptercore":{"classification":"SystemMetaData","purpose":"FeatureInsight","endPoint":"none"}},"ms-vscode.node/ClientRequest/toggleSkipFileStatus":{"successful":{"classification":"SystemMetaData","purpose":"PerformanceAndHealth","endPoint":"none"},"exceptiontype":{"classification":"SystemMetaData","purpose":"PerformanceAndHealth","endPoint":"none"},"!exceptionmessage":{"classification":"CallstackOrException","purpose":"PerformanceAndHealth","endPoint":"none"},"exceptionname":{"classification":"CallstackOrException","purpose":"PerformanceAndHealth","endPoint":"none"},"!exceptionstack":{"classification":"CallstackOrException","purpose":"PerformanceAndHealth","endPoint":"none"},"!exceptionid":{"classification":"CallstackOrException","purpose":"PerformanceAndHealth","endPoint":"none"},"starttime":{"classification":"SystemMetaData","purpose":"PerformanceAndHealth","endPoint":"none"},"timetakeninmilliseconds":{"classification":"SystemMetaData","purpose":"PerformanceAndHealth","endPoint":"none"},"versions.debugadaptercore":{"classification":"SystemMetaData","purpose":"FeatureInsight","endPoint":"none"}},"ms-vscode.node/ClientRequest/loadedSources":{"successful":{"classification":"SystemMetaData","purpose":"PerformanceAndHealth","endPoint":"none"},"exceptiontype":{"classification":"SystemMetaData","purpose":"PerformanceAndHealth","endPoint":"none"},"!exceptionmessage":{"classification":"CallstackOrException","purpose":"PerformanceAndHealth","endPoint":"none"},"exceptionname":{"classification":"CallstackOrException","purpose":"PerformanceAndHealth","endPoint":"none"},"!exceptionstack":{"classification":"CallstackOrException","purpose":"PerformanceAndHealth","endPoint":"none"},"!exceptionid":{"classification":"CallstackOrException","purpose":"PerformanceAndHealth","endPoint":"none"},"starttime":{"classification":"SystemMetaData","purpose":"PerformanceAndHealth","endPoint":"none"},"timetakeninmilliseconds":{"classification":"SystemMetaData","purpose":"PerformanceAndHealth","endPoint":"none"},"versions.debugadaptercore":{"classification":"SystemMetaData","purpose":"FeatureInsight","endPoint":"none"}},"ms-vscode.node/ClientRequest/disconnect":{"successful":{"classification":"SystemMetaData","purpose":"PerformanceAndHealth","endPoint":"none"},"exceptiontype":{"classification":"SystemMetaData","purpose":"PerformanceAndHealth","endPoint":"none"},"!exceptionmessage":{"classification":"CallstackOrException","purpose":"PerformanceAndHealth","endPoint":"none"},"exceptionname":{"classification":"CallstackOrException","purpose":"PerformanceAndHealth","endPoint":"none"},"!exceptionstack":{"classification":"CallstackOrException","purpose":"PerformanceAndHealth","endPoint":"none"},"!exceptionid":{"classification":"CallstackOrException","purpose":"PerformanceAndHealth","endPoint":"none"},"starttime":{"classification":"SystemMetaData","purpose":"PerformanceAndHealth","endPoint":"none"},"timetakeninmilliseconds":{"classification":"SystemMetaData","purpose":"PerformanceAndHealth","endPoint":"none"},"versions.debugadaptercore":{"classification":"SystemMetaData","purpose":"FeatureInsight","endPoint":"none"}},"ms-vscode.node/ClientRequest/setBreakpoints":{"successful":{"classification":"SystemMetaData","purpose":"PerformanceAndHealth","endPoint":"none"},"exceptiontype":{"classification":"SystemMetaData","purpose":"PerformanceAndHealth","endPoint":"none"},"!exceptionmessage":{"classification":"CallstackOrException","purpose":"PerformanceAndHealth","endPoint":"none"},"exceptionname":{"classification":"CallstackOrException","purpose":"PerformanceAndHealth","endPoint":"none"},"!exceptionstack":{"classification":"CallstackOrException","purpose":"PerformanceAndHealth","endPoint":"none"},"!exceptionid":{"classification":"CallstackOrException","purpose":"PerformanceAndHealth","endPoint":"none"},"starttime":{"classification":"SystemMetaData","purpose":"PerformanceAndHealth","endPoint":"none"},"timetakeninmilliseconds":{"classification":"SystemMetaData","purpose":"PerformanceAndHealth","endPoint":"none"},"versions.debugadaptercore":{"classification":"SystemMetaData","purpose":"FeatureInsight","endPoint":"none"}},"ms-vscode.node/setBreakpointsRequest":{"fileext":{"classification":"CustomerContent","purpose":"FeatureInsight","endPoint":"none"},"versions.debugadaptercore":{"classification":"SystemMetaData","purpose":"FeatureInsight","endPoint":"none"}},"ms-vscode.node/ClientRequest/setExceptionBreakpoints":{"successful":{"classification":"SystemMetaData","purpose":"PerformanceAndHealth","endPoint":"none"},"exceptiontype":{"classification":"SystemMetaData","purpose":"PerformanceAndHealth","endPoint":"none"},"!exceptionmessage":{"classification":"CallstackOrException","purpose":"PerformanceAndHealth","endPoint":"none"},"exceptionname":{"classification":"CallstackOrException","purpose":"PerformanceAndHealth","endPoint":"none"},"!exceptionstack":{"classification":"CallstackOrException","purpose":"PerformanceAndHealth","endPoint":"none"},"!exceptionid":{"classification":"CallstackOrException","purpose":"PerformanceAndHealth","endPoint":"none"},"starttime":{"classification":"SystemMetaData","purpose":"PerformanceAndHealth","endPoint":"none"},"timetakeninmilliseconds":{"classification":"SystemMetaData","purpose":"PerformanceAndHealth","endPoint":"none"},"versions.debugadaptercore":{"classification":"SystemMetaData","purpose":"FeatureInsight","endPoint":"none"}},"ms-vscode.node/ClientRequest/continue":{"successful":{"classification":"SystemMetaData","purpose":"PerformanceAndHealth","endPoint":"none"},"exceptiontype":{"classification":"SystemMetaData","purpose":"PerformanceAndHealth","endPoint":"none"},"!exceptionmessage":{"classification":"CallstackOrException","purpose":"PerformanceAndHealth","endPoint":"none"},"exceptionname":{"classification":"CallstackOrException","purpose":"PerformanceAndHealth","endPoint":"none"},"!exceptionstack":{"classification":"CallstackOrException","purpose":"PerformanceAndHealth","endPoint":"none"},"!exceptionid":{"classification":"CallstackOrException","purpose":"PerformanceAndHealth","endPoint":"none"},"starttime":{"classification":"SystemMetaData","purpose":"PerformanceAndHealth","endPoint":"none"},"timetakeninmilliseconds":{"classification":"SystemMetaData","purpose":"PerformanceAndHealth","endPoint":"none"},"versions.debugadaptercore":{"classification":"SystemMetaData","purpose":"FeatureInsight","endPoint":"none"}},"ms-vscode.node/continueRequest":{"versions.debugadaptercore":{"classification":"SystemMetaData","purpose":"FeatureInsight","endPoint":"none"}},"ms-vscode.node/ClientRequest/next":{"successful":{"classification":"SystemMetaData","purpose":"PerformanceAndHealth","endPoint":"none"},"exceptiontype":{"classification":"SystemMetaData","purpose":"PerformanceAndHealth","endPoint":"none"},"!exceptionmessage":{"classification":"CallstackOrException","purpose":"PerformanceAndHealth","endPoint":"none"},"exceptionname":{"classification":"CallstackOrException","purpose":"PerformanceAndHealth","endPoint":"none"},"!exceptionstack":{"classification":"CallstackOrException","purpose":"PerformanceAndHealth","endPoint":"none"},"!exceptionid":{"classification":"CallstackOrException","purpose":"PerformanceAndHealth","endPoint":"none"},"starttime":{"classification":"SystemMetaData","purpose":"PerformanceAndHealth","endPoint":"none"},"timetakeninmilliseconds":{"classification":"SystemMetaData","purpose":"PerformanceAndHealth","endPoint":"none"},"versions.debugadaptercore":{"classification":"SystemMetaData","purpose":"FeatureInsight","endPoint":"none"}},"ms-vscode.node/nextRequest":{"versions.debugadaptercore":{"classification":"SystemMetaData","purpose":"FeatureInsight","endPoint":"none"}},"ms-vscode.node/ClientRequest/stepIn":{"successful":{"classification":"SystemMetaData","purpose":"PerformanceAndHealth","endPoint":"none"},"exceptiontype":{"classification":"SystemMetaData","purpose":"PerformanceAndHealth","endPoint":"none"},"!exceptionmessage":{"classification":"CallstackOrException","purpose":"PerformanceAndHealth","endPoint":"none"},"exceptionname":{"classification":"CallstackOrException","purpose":"PerformanceAndHealth","endPoint":"none"},"!exceptionstack":{"classification":"CallstackOrException","purpose":"PerformanceAndHealth","endPoint":"none"},"!exceptionid":{"classification":"CallstackOrException","purpose":"PerformanceAndHealth","endPoint":"none"},"starttime":{"classification":"SystemMetaData","purpose":"PerformanceAndHealth","endPoint":"none"},"timetakeninmilliseconds":{"classification":"SystemMetaData","purpose":"PerformanceAndHealth","endPoint":"none"},"versions.debugadaptercore":{"classification":"SystemMetaData","purpose":"FeatureInsight","endPoint":"none"}},"ms-vscode.node/stepInRequest":{"versions.debugadaptercore":{"classification":"SystemMetaData","purpose":"FeatureInsight","endPoint":"none"}},"ms-vscode.node/ClientRequest/stepOut":{"successful":{"classification":"SystemMetaData","purpose":"PerformanceAndHealth","endPoint":"none"},"exceptiontype":{"classification":"SystemMetaData","purpose":"PerformanceAndHealth","endPoint":"none"},"!exceptionmessage":{"classification":"CallstackOrException","purpose":"PerformanceAndHealth","endPoint":"none"},"exceptionname":{"classification":"CallstackOrException","purpose":"PerformanceAndHealth","endPoint":"none"},"!exceptionstack":{"classification":"CallstackOrException","purpose":"PerformanceAndHealth","endPoint":"none"},"!exceptionid":{"classification":"CallstackOrException","purpose":"PerformanceAndHealth","endPoint":"none"},"starttime":{"classification":"SystemMetaData","purpose":"PerformanceAndHealth","endPoint":"none"},"timetakeninmilliseconds":{"classification":"SystemMetaData","purpose":"PerformanceAndHealth","endPoint":"none"},"versions.debugadaptercore":{"classification":"SystemMetaData","purpose":"FeatureInsight","endPoint":"none"}},"ms-vscode.node/stepOutRequest":{"versions.debugadaptercore":{"classification":"SystemMetaData","purpose":"FeatureInsight","endPoint":"none"}},"ms-vscode.node/ClientRequest/stepBack":{"successful":{"classification":"SystemMetaData","purpose":"PerformanceAndHealth","endPoint":"none"},"exceptiontype":{"classification":"SystemMetaData","purpose":"PerformanceAndHealth","endPoint":"none"},"!exceptionmessage":{"classification":"CallstackOrException","purpose":"PerformanceAndHealth","endPoint":"none"},"exceptionname":{"classification":"CallstackOrException","purpose":"PerformanceAndHealth","endPoint":"none"},"!exceptionstack":{"classification":"CallstackOrException","purpose":"PerformanceAndHealth","endPoint":"none"},"!exceptionid":{"classification":"CallstackOrException","purpose":"PerformanceAndHealth","endPoint":"none"},"starttime":{"classification":"SystemMetaData","purpose":"PerformanceAndHealth","endPoint":"none"},"timetakeninmilliseconds":{"classification":"SystemMetaData","purpose":"PerformanceAndHealth","endPoint":"none"},"versions.debugadaptercore":{"classification":"SystemMetaData","purpose":"FeatureInsight","endPoint":"none"}},"ms-vscode.node/ClientRequest/reverseContinue":{"successful":{"classification":"SystemMetaData","purpose":"PerformanceAndHealth","endPoint":"none"},"exceptiontype":{"classification":"SystemMetaData","purpose":"PerformanceAndHealth","endPoint":"none"},"!exceptionmessage":{"classification":"CallstackOrException","purpose":"PerformanceAndHealth","endPoint":"none"},"exceptionname":{"classification":"CallstackOrException","purpose":"PerformanceAndHealth","endPoint":"none"},"!exceptionstack":{"classification":"CallstackOrException","purpose":"PerformanceAndHealth","endPoint":"none"},"!exceptionid":{"classification":"CallstackOrException","purpose":"PerformanceAndHealth","endPoint":"none"},"starttime":{"classification":"SystemMetaData","purpose":"PerformanceAndHealth","endPoint":"none"},"timetakeninmilliseconds":{"classification":"SystemMetaData","purpose":"PerformanceAndHealth","endPoint":"none"},"versions.debugadaptercore":{"classification":"SystemMetaData","purpose":"FeatureInsight","endPoint":"none"}},"ms-vscode.node/ClientRequest/pause":{"successful":{"classification":"SystemMetaData","purpose":"PerformanceAndHealth","endPoint":"none"},"exceptiontype":{"classification":"SystemMetaData","purpose":"PerformanceAndHealth","endPoint":"none"},"!exceptionmessage":{"classification":"CallstackOrException","purpose":"PerformanceAndHealth","endPoint":"none"},"exceptionname":{"classification":"CallstackOrException","purpose":"PerformanceAndHealth","endPoint":"none"},"!exceptionstack":{"classification":"CallstackOrException","purpose":"PerformanceAndHealth","endPoint":"none"},"!exceptionid":{"classification":"CallstackOrException","purpose":"PerformanceAndHealth","endPoint":"none"},"starttime":{"classification":"SystemMetaData","purpose":"PerformanceAndHealth","endPoint":"none"},"timetakeninmilliseconds":{"classification":"SystemMetaData","purpose":"PerformanceAndHealth","endPoint":"none"},"versions.debugadaptercore":{"classification":"SystemMetaData","purpose":"FeatureInsight","endPoint":"none"}},"ms-vscode.node/pauseRequest":{"versions.debugadaptercore":{"classification":"SystemMetaData","purpose":"FeatureInsight","endPoint":"none"}},"ms-vscode.node/ClientRequest/stackTrace":{"successful":{"classification":"SystemMetaData","purpose":"PerformanceAndHealth","endPoint":"none"},"exceptiontype":{"classification":"SystemMetaData","purpose":"PerformanceAndHealth","endPoint":"none"},"!exceptionmessage":{"classification":"CallstackOrException","purpose":"PerformanceAndHealth","endPoint":"none"},"exceptionname":{"classification":"CallstackOrException","purpose":"PerformanceAndHealth","endPoint":"none"},"!exceptionstack":{"classification":"CallstackOrException","purpose":"PerformanceAndHealth","endPoint":"none"},"!exceptionid":{"classification":"CallstackOrException","purpose":"PerformanceAndHealth","endPoint":"none"},"starttime":{"classification":"SystemMetaData","purpose":"PerformanceAndHealth","endPoint":"none"},"timetakeninmilliseconds":{"classification":"SystemMetaData","purpose":"PerformanceAndHealth","endPoint":"none"},"versions.debugadaptercore":{"classification":"SystemMetaData","purpose":"FeatureInsight","endPoint":"none"}},"ms-vscode.node/ClientRequest/scopes":{"successful":{"classification":"SystemMetaData","purpose":"PerformanceAndHealth","endPoint":"none"},"exceptiontype":{"classification":"SystemMetaData","purpose":"PerformanceAndHealth","endPoint":"none"},"!exceptionmessage":{"classification":"CallstackOrException","purpose":"PerformanceAndHealth","endPoint":"none"},"exceptionname":{"classification":"CallstackOrException","purpose":"PerformanceAndHealth","endPoint":"none"},"!exceptionstack":{"classification":"CallstackOrException","purpose":"PerformanceAndHealth","endPoint":"none"},"!exceptionid":{"classification":"CallstackOrException","purpose":"PerformanceAndHealth","endPoint":"none"},"starttime":{"classification":"SystemMetaData","purpose":"PerformanceAndHealth","endPoint":"none"},"timetakeninmilliseconds":{"classification":"SystemMetaData","purpose":"PerformanceAndHealth","endPoint":"none"},"versions.debugadaptercore":{"classification":"SystemMetaData","purpose":"FeatureInsight","endPoint":"none"}},"ms-vscode.node/ClientRequest/variables":{"successful":{"classification":"SystemMetaData","purpose":"PerformanceAndHealth","endPoint":"none"},"exceptiontype":{"classification":"SystemMetaData","purpose":"PerformanceAndHealth","endPoint":"none"},"!exceptionmessage":{"classification":"CallstackOrException","purpose":"PerformanceAndHealth","endPoint":"none"},"exceptionname":{"classification":"CallstackOrException","purpose":"PerformanceAndHealth","endPoint":"none"},"!exceptionstack":{"classification":"CallstackOrException","purpose":"PerformanceAndHealth","endPoint":"none"},"!exceptionid":{"classification":"CallstackOrException","purpose":"PerformanceAndHealth","endPoint":"none"},"starttime":{"classification":"SystemMetaData","purpose":"PerformanceAndHealth","endPoint":"none"},"timetakeninmilliseconds":{"classification":"SystemMetaData","purpose":"PerformanceAndHealth","endPoint":"none"},"versions.debugadaptercore":{"classification":"SystemMetaData","purpose":"FeatureInsight","endPoint":"none"}},"ms-vscode.node/ClientRequest/source":{"successful":{"classification":"SystemMetaData","purpose":"PerformanceAndHealth","endPoint":"none"},"exceptiontype":{"classification":"SystemMetaData","purpose":"PerformanceAndHealth","endPoint":"none"},"!exceptionmessage":{"classification":"CallstackOrException","purpose":"PerformanceAndHealth","endPoint":"none"},"exceptionname":{"classification":"CallstackOrException","purpose":"PerformanceAndHealth","endPoint":"none"},"!exceptionstack":{"classification":"CallstackOrException","purpose":"PerformanceAndHealth","endPoint":"none"},"!exceptionid":{"classification":"CallstackOrException","purpose":"PerformanceAndHealth","endPoint":"none"},"starttime":{"classification":"SystemMetaData","purpose":"PerformanceAndHealth","endPoint":"none"},"timetakeninmilliseconds":{"classification":"SystemMetaData","purpose":"PerformanceAndHealth","endPoint":"none"},"versions.debugadaptercore":{"classification":"SystemMetaData","purpose":"FeatureInsight","endPoint":"none"}},"ms-vscode.node/ClientRequest/threads":{"successful":{"classification":"SystemMetaData","purpose":"PerformanceAndHealth","endPoint":"none"},"exceptiontype":{"classification":"SystemMetaData","purpose":"PerformanceAndHealth","endPoint":"none"},"!exceptionmessage":{"classification":"CallstackOrException","purpose":"PerformanceAndHealth","endPoint":"none"},"exceptionname":{"classification":"CallstackOrException","purpose":"PerformanceAndHealth","endPoint":"none"},"!exceptionstack":{"classification":"CallstackOrException","purpose":"PerformanceAndHealth","endPoint":"none"},"!exceptionid":{"classification":"CallstackOrException","purpose":"PerformanceAndHealth","endPoint":"none"},"starttime":{"classification":"SystemMetaData","purpose":"PerformanceAndHealth","endPoint":"none"},"timetakeninmilliseconds":{"classification":"SystemMetaData","purpose":"PerformanceAndHealth","endPoint":"none"},"versions.debugadaptercore":{"classification":"SystemMetaData","purpose":"FeatureInsight","endPoint":"none"}},"ms-vscode.node/ClientRequest/evaluate":{"successful":{"classification":"SystemMetaData","purpose":"PerformanceAndHealth","endPoint":"none"},"exceptiontype":{"classification":"SystemMetaData","purpose":"PerformanceAndHealth","endPoint":"none"},"!exceptionmessage":{"classification":"CallstackOrException","purpose":"PerformanceAndHealth","endPoint":"none"},"exceptionname":{"classification":"CallstackOrException","purpose":"PerformanceAndHealth","endPoint":"none"},"!exceptionstack":{"classification":"CallstackOrException","purpose":"PerformanceAndHealth","endPoint":"none"},"!exceptionid":{"classification":"CallstackOrException","purpose":"PerformanceAndHealth","endPoint":"none"},"starttime":{"classification":"SystemMetaData","purpose":"PerformanceAndHealth","endPoint":"none"},"timetakeninmilliseconds":{"classification":"SystemMetaData","purpose":"PerformanceAndHealth","endPoint":"none"},"versions.debugadaptercore":{"classification":"SystemMetaData","purpose":"FeatureInsight","endPoint":"none"}},"ms-vscode.node/ClientRequest/setVariable":{"successful":{"classification":"SystemMetaData","purpose":"PerformanceAndHealth","endPoint":"none"},"exceptiontype":{"classification":"SystemMetaData","purpose":"PerformanceAndHealth","endPoint":"none"},"!exceptionmessage":{"classification":"CallstackOrException","purpose":"PerformanceAndHealth","endPoint":"none"},"exceptionname":{"classification":"CallstackOrException","purpose":"PerformanceAndHealth","endPoint":"none"},"!exceptionstack":{"classification":"CallstackOrException","purpose":"PerformanceAndHealth","endPoint":"none"},"!exceptionid":{"classification":"CallstackOrException","purpose":"PerformanceAndHealth","endPoint":"none"},"starttime":{"classification":"SystemMetaData","purpose":"PerformanceAndHealth","endPoint":"none"},"timetakeninmilliseconds":{"classification":"SystemMetaData","purpose":"PerformanceAndHealth","endPoint":"none"},"versions.debugadaptercore":{"classification":"SystemMetaData","purpose":"FeatureInsight","endPoint":"none"}},"ms-vscode.node/ClientRequest/restartFrame":{"successful":{"classification":"SystemMetaData","purpose":"PerformanceAndHealth","endPoint":"none"},"exceptiontype":{"classification":"SystemMetaData","purpose":"PerformanceAndHealth","endPoint":"none"},"!exceptionmessage":{"classification":"CallstackOrException","purpose":"PerformanceAndHealth","endPoint":"none"},"exceptionname":{"classification":"CallstackOrException","purpose":"PerformanceAndHealth","endPoint":"none"},"!exceptionstack":{"classification":"CallstackOrException","purpose":"PerformanceAndHealth","endPoint":"none"},"!exceptionid":{"classification":"CallstackOrException","purpose":"PerformanceAndHealth","endPoint":"none"},"starttime":{"classification":"SystemMetaData","purpose":"PerformanceAndHealth","endPoint":"none"},"timetakeninmilliseconds":{"classification":"SystemMetaData","purpose":"PerformanceAndHealth","endPoint":"none"},"versions.debugadaptercore":{"classification":"SystemMetaData","purpose":"FeatureInsight","endPoint":"none"}},"ms-vscode.node/ClientRequest/completions":{"successful":{"classification":"SystemMetaData","purpose":"PerformanceAndHealth","endPoint":"none"},"exceptiontype":{"classification":"SystemMetaData","purpose":"PerformanceAndHealth","endPoint":"none"},"!exceptionmessage":{"classification":"CallstackOrException","purpose":"PerformanceAndHealth","endPoint":"none"},"exceptionname":{"classification":"CallstackOrException","purpose":"PerformanceAndHealth","endPoint":"none"},"!exceptionstack":{"classification":"CallstackOrException","purpose":"PerformanceAndHealth","endPoint":"none"},"!exceptionid":{"classification":"CallstackOrException","purpose":"PerformanceAndHealth","endPoint":"none"},"starttime":{"classification":"SystemMetaData","purpose":"PerformanceAndHealth","endPoint":"none"},"timetakeninmilliseconds":{"classification":"SystemMetaData","purpose":"PerformanceAndHealth","endPoint":"none"},"versions.debugadaptercore":{"classification":"SystemMetaData","purpose":"FeatureInsight","endPoint":"none"}},"ms-vscode.node/nodeVersion":{"version":{"classification":"SystemMetaData","purpose":"FeatureInsight","endPoint":"none"}},"ms-vscode.node/debugProtocolErrorResponse":{"error":{"classification":"CallstackOrException","purpose":"PerformanceAndHealth"}},"ms-vscode.node/optinstatus":{"optin":{"classification":"SystemMetaData","purpose":"BusinessInsight","isMeasurement":true}}},"commonProperties":{"common.os":{"classification":"SystemMetaData","purpose":"FeatureInsight","endPoint":"none"},"common.nodearch":{"classification":"SystemMetaData","purpose":"FeatureInsight","endPoint":"none"},"common.platformversion":{"classification":"SystemMetaData","purpose":"FeatureInsight","endPoint":"none"},"common.extname":{"classification":"PublicNonPersonalData","purpose":"FeatureInsight","endPoint":"none"},"common.extversion":{"classification":"PublicNonPersonalData","purpose":"FeatureInsight","endPoint":"none"},"common.vscodemachineid":{"classification":"EndUserPseudonymizedInformation","purpose":"FeatureInsight","endPoint":"MacAddressHash"},"common.vscodesessionid":{"classification":"SystemMetaData","purpose":"FeatureInsight","endPoint":"none"},"common.vscodeversion":{"classification":"SystemMetaData","purpose":"FeatureInsight","endPoint":"none"},"common.uikind":{"classification":"SystemMetaData","purpose":"FeatureInsight","endPoint":"none"},"common.remotename":{"classification":"SystemMetaData","purpose":"FeatureInsight","endPoint":"none"},"common.isnewappinstall":{"classification":"SystemMetaData","purpose":"FeatureInsight","endPoint":"none"},"common.product":{"classification":"SystemMetaData","purpose":"FeatureInsight","endPoint":"none"}}}