{
	"version": "2.0.0",
	"tasks": [
		{
			"type": "cppbuild",
			"label": "C/C++: g++.exe 生成活动文件",
			"command": "D:\\mingw32\\bin\\g++.exe",
			"args": [
				"-std=c++14",
				"-m32",
				"-O0",
				"-g",
				"${file}",
				"-o",
				"${fileDirname}\\${fileBasenameNoExtension}.exe"
			],
			"options": {
				"cwd": "D:\\mingw32"
			},
			"problemMatcher": [
				"$gcc"
			],
			"group": {
				"kind": "build",
				"isDefault": true
			},
			"detail": "D:\\mingw32\\bin\\g++.exe"
		}
	]
}