<?xml version="1.0"?>
<cena version="0.8.2"><result judgetime="44702.4437195486"><problem title="&#x8FDC;&#x5F81;" filename="expedition.cpp" status="1" hash="391954641" detail=""><testcase status="7" exitcode="0" detail="" time="0" memory="332" score="10"/><testcase status="7" exitcode="0" detail="" time="0.01" memory="332" score="10"/><testcase status="7" exitcode="0" detail="" time="0.03" memory="360" score="10"/><testcase status="7" exitcode="0" detail="" time="0.01" memory="472" score="10"/><testcase status="7" exitcode="0" detail="" time="0.01" memory="336" score="10"/><testcase status="7" exitcode="0" detail="" time="0.01" memory="468" score="10"/><testcase status="7" exitcode="0" detail="" time="0" memory="332" score="10"/><testcase status="7" exitcode="0" detail="" time="0.01" memory="332" score="10"/><testcase status="7" exitcode="0" detail="" time="0.04" memory="400" score="10"/><testcase status="7" exitcode="0" detail="" time="0.01" memory="400" score="10"/></problem><problem title="&#x56F4;&#x680F;&#x7EF4;&#x4FEE;" filename="fence.cpp" status="1" hash="1381100307" detail=""><testcase status="7" exitcode="0" detail="" time="0" memory="256" score="10"/><testcase status="7" exitcode="0" detail="" time="0.01" memory="260" score="10"/><testcase status="7" exitcode="0" detail="" time="0.1" memory="384" score="10"/><testcase status="7" exitcode="0" detail="" time="0.07" memory="388" score="10"/><testcase status="7" exitcode="0" detail="" time="0.07" memory="384" score="10"/><testcase status="7" exitcode="0" detail="" time="0.07" memory="388" score="10"/><testcase status="7" exitcode="0" detail="" time="0.07" memory="516" score="10"/><testcase status="7" exitcode="0" detail="" time="0.09" memory="516" score="10"/><testcase status="7" exitcode="0" detail="" time="0.06" memory="520" score="10"/><testcase status="7" exitcode="0" detail="" time="0.09" memory="520" score="10"/></problem><problem title="&#x5E73;&#x5747;&#x503C;" filename="average.cpp" status="1" hash="1335234343" detail=""><testcase status="7" exitcode="0" detail="" time="0.01" memory="256" score="10"/><testcase status="7" exitcode="0" detail="" time="0.51" memory="252" score="10"/><testcase status="7" exitcode="0" detail="" time="0.06" memory="252" score="10"/><testcase status="7" exitcode="0" detail="" time="1.17" memory="256" score="10"/><testcase status="7" exitcode="0" detail="" time="1.71" memory="256" score="10"/><testcase status="7" exitcode="0" detail="" time="1.51" memory="256" score="10"/><testcase status="7" exitcode="0" detail="" time="0.31" memory="252" score="10"/><testcase status="7" exitcode="0" detail="" time="0.21" memory="252" score="10"/><testcase status="7" exitcode="0" detail="" time="0.53" memory="252" score="10"/><testcase status="7" exitcode="0" detail="" time="0.73" memory="252" score="10"/></problem><problem title="&#x7B2C;K&#x5927;&#x7684;&#x6570;" filename="number.cpp" status="1" hash="1321272980" detail=""><testcase status="7" exitcode="0" detail="" time="0" memory="256" score="10"/><testcase status="7" exitcode="0" detail="" time="2.68" memory="6944" score="10"/><testcase status="7" exitcode="0" detail="" time="1.35" memory="3864" score="10"/><testcase status="7" exitcode="0" detail="" time="2.43" memory="6944" score="10"/><testcase status="7" exitcode="0" detail="" time="1.8" memory="3864" score="10"/><testcase status="7" exitcode="0" detail="" time="2.46" memory="6948" score="10"/><testcase status="7" exitcode="0" detail="" time="2.49" memory="6944" score="10"/><testcase status="7" exitcode="0" detail="" time="2.87" memory="6944" score="10"/><testcase status="7" exitcode="0" detail="" time="2.51" memory="6944" score="10"/><testcase status="7" exitcode="0" detail="" time="0.21" memory="320" score="10"/></problem></result></cena>
